CSV 7BTbVD8t98eYH3XV17Azui4cUMLyfvheoJ6w6VtWivfW	212.220.110.83	8010	TIMEOUT
CSV GV8UbqYXk4uMfmiYS5Cf59CRdGoQM2q7bHcW83zkkx9c	185.16.38.151	8009	TIMEOUT
CSV GSTampk6BJRKSDkzhaMM49R7qRx98MTPYYWvKbp83XKc	84.32.189.37	12009	TIMEOUT
CSV Df8inLU7AzpYMPUZXVdU6Vuy29cuWBuqv3kevNQsn9zu	103.224.244.194	8009	259
CSV 46yVA2WVP6ah5wLREZGHbGvvPaM55rcwDKDDikzn3BVV	181.41.142.98	8010	257
CSV Ayk5TSNbnjQn95BGnz4ugkcm1kAtEwGcK1jRYmqrYvKN	107.155.109.186	8010	221
CSV DUND26mEDfFeaPsVof3YvbXDRvpuQX7HMUJrLgEWzYw4	202.8.9.110	8009	201
CSV 3YRyKjnFsQe7rNLd4kUBQbBjqxypbb1Cf8cDXdbBccXf	46.147.242.53	8009	200
CSV 2mMGsb5uy1Q4Dvezr8HK2E8SJoChcb2X7b61tJPaVHHd	202.8.9.140	8009	198
CSV G2TBEh2ahNGS9tGnuBNyDduNjyfUtGhMcssgRb8b6KfH	145.40.125.61	8010	198
CSV HnfPZDrbJFooiP9vvgWrjx3baXVNAZCgisT58gyMCgML	202.8.9.140	8009	196
CSV ATPHtHvsQuZm3gBgm7r9fhuXWgTPB9pr6ZLD6UbDYLTP	202.8.9.62	8009	196
CSV 968z8KLFDmPCwDs7pqLuE5yAZ8xTt1tfD8YSN4vdELSJ	202.8.9.140	8009	195
CSV FzQqaDStQQHs52YKeCnDovwSqvyZBCgs2kJcmvoFZwaS	202.8.9.140	8009	195
CSV BuqMbtUpT9DQTFmWqo3t629Am65Vw4SsgCoMksDsryQD	46.180.201.156	8009	194
CSV StepLJgojR54f8M4nfr5uxjBBMddWjEwnKs4TnrnmRd	202.8.9.140	8009	193
CSV f8JPS1sKWo8ewAUu6sufkDRU1HRCqYfegExB9K6CPA2	178.248.81.77	8009	191
CSV DJHsoHQvqYjb8G2Ni6XSbBSHxmycMAsZksRDytQ2bntK	178.248.81.38	8010	191
CSV 5Cchr1XGEg7dbBXByV5NY2ad8jfxAM7HA3x8D56rq9Ux	3.36.117.82	37009	188
CSV F1SoQ1BEfe3vTYu5bis3eif5ATra1YNcj3fx22EcJ2wL	109.194.35.222	8009	181
CSV EoJLNYSqtc36po2sD3NKZpv1NEu4UmNWTdG84uJVhNkU	103.2.197.156	8009	178
CSV 9Q3ruuydyrQhCjbf8c1921Q47ChGjc1NESnivbeWGVUF	212.220.116.45	8010	177
CSV HtVezSzfDeNPF6HDNPQZNVeTi8W4BSFk3dH3wPDNiepQ	178.170.15.7	19051	176
CSV DWaYTNmFZLXGhYo51orrHNotqE3q3S6L2paQikYMrKrw	185.130.82.20	11009	176
CSV 2RwFJJkhr4tCTuQnZN1CFpAtn5s9pTzakagvu326W1FT	95.78.156.166	10010	167
CSV DSRVdh9PQaqAcFtMCbJhyD4yMD5H2EeHNzdbqWctRY4E	125.143.190.199	8009	165
CSV 4o2TxN5RNxjiLvEbK56ZyaZ1bg3ZTgaTLpPRqi8vEkRS	91.211.83.202	8009	159
CSV 9T6SNsBimjCRJpkEjiVsc8AcxTBa1XVA7RjnBGGfWP23	91.211.83.198	8009	158
CSV 5Y1VqvwH5ep9JGJ4hhzxFoupy5Ndkk49ggKpWqAcjszs	194.187.206.41	8009	157
CSV A6ZmvWcKGVUnwpum4GhVn7CftUJgVFNSg6biedaNKHBC	194.187.206.40	8009	157
CSV 3CZspyEZArp1XMQ8nij1kQ5AHSFJNQnWWBoCaZM5VRsk	194.187.206.37	8010	157
CSV HRW45bBc7Cq2awvhpu5ESD4zkkB1j9dJ9aFabLLxs4jC	91.211.83.220	8009	157
CSV G72oBA9cRYUzR8Q9oLvJcNRx5ovcDGFvHsbZKp1BT75W	18.179.186.87	11009	155
CSV 43t4YbjyH2XCnifhBibxhzQEpcLrk7PFS9719DHMSFfA	91.211.83.234	8009	154
CSV 4KJdJNjmVk2gr5ZDK4ss8xF7nxKR95Qs8TRqQenCXczA	95.67.24.5	8009	152
CSV HpcB5Qg8Y9E73dUkot5e8HkgAJbExsYeUzniY4bCuKac	93.115.25.120	12009	151
CSV CwyVpfmfSiMeCexi3JgUNvaiDfYN14cLDjzT99zcBuD2	93.115.25.113	12009	151
CSV BSVckjdW2f8kcXPGcrPPtV9kUDBZ8w8PjrrGVnxgEdwq	93.115.25.186	12009	151
CSV 68Sz1tczMSsEEuwJijC3gnNkjwfxQNQnuQvBvAZazG3y	185.95.22.91	8009	151
CSV GRmtMtAeSL8HgX1p815ATQjaYU4Sk7XCP21i4yoFd3KS	92.253.237.52	8010	150
CSV AeeZHtYLEVhW6YdCSsu5CDTVfarEprZzbm45NB94K6MT	95.67.24.4	8009	150
CSV UUcsYKGXbrecWLTNn4LK1N21Px1Ra5c3VsFJzAtzZPk	91.200.42.33	8009	148
CSV FWwwP9tNttSy9dJFxwf6ebXWfc6VJXqFNMTccrMiLFTH	5.199.170.18	12009	148
CSV 2av6anjHUwvpzhbCa9vAUEEybEHs9MSU6qw3pB3o6cC7	202.8.9.60	8009	147
CSV 8GLRbAstsabZuZUx73AoyfGi1FRCWSUhRgMugFyofEz7	37.120.245.183	8009	147
CSV 2GUnfxZavKoPfS9s3VSEjaWDzB3vNf5RojUhprCS1rSx	202.8.9.37	8009	147
CSV 7QQGNm3ptwinipDCyaCF7jY5katgmFUu1ieP2f7nwLpE	93.115.25.192	12009	147
CSV CW9C7HBwAMgqNdXkNgFg9Ujr3edR2Ab9ymEuQnVacd1A	202.8.9.140	8009	146
CSV NWY18yrPHsTogTDq78HpB51D7gC5AGRsvJ5pPqSchkH	193.176.85.148	8010	146
CSV 6w2vQK2ZZkj3unHMCQjoXLqUwCAxB648NR1yBerUbFNP	185.81.65.68	8009	146
CSV Bx7SNaHfyeLZDeja9HPsn61XYjeForHtrTxLCb6cu62o	5.62.126.196	8009	145
CSV ALADNYWMtj2PhckortN2aSg63mKEyMN4bo7cw5iUAPXL	45.139.122.240	8009	145
CSV 8n4pc4sCJtBeLfJdGyJn6EcZuhtfTiepRa9ExdJFdmEN	202.8.9.140	8009	145
CSV Ei8VLKR3chZAhJzWwj8PopeuedpQiths2ovVCQ2BCvK7	202.8.9.140	8009	145
CSV C1ocKDYMCm2ooWptMMnpd5VEB2Nx4UMJgRuYofysyzcA	202.8.9.140	8009	145
CSV 3hkPdLyQReJwdWe7Y8JL7jRhYaBCC8GZcmWwjpiLXC9f	202.8.9.140	8009	145
CSV 7Lb4keXb1jK67bHbDfT6nmpNscLHaV9R68snRVjihZPz	91.211.83.247	8009	144
CSV 6mREPwVPdQfUnmXwvfHQduPCmJVoDbXJe4s4eArTT2sW	185.12.142.58	8010	144
CSV EvCJXxhHKqpXZDfwCA3HmkgxU1apn8kipuivm5ZinGRM	185.12.142.62	8010	144
CSV 6y7V8dL673XFzm9QyC5vvh3itWkp7wztahBd2yDqsyrK	93.115.25.194	12009	144
CSV GmCxjmjKZoaKN1DKunbYq8RCYib94Nm3sHyncFfofaF5	93.115.25.123	12009	144
CSV EchDKEw6fsWWKQjrq2MywKnKFr2vNsHbNhTxJLx7NtTB	91.211.83.251	8009	144
CSV 56LEoAfh9Pbm2qA3GBcmHzRhT7HA9vMcSvKRrjiJEmBu	185.12.142.55	8010	143
CSV 4ZToBgveZ5m8NySrDyPA2fiGVRVBioaoMXD31KGidm65	78.154.174.138	8010	143
CSV 5ejbTALcBsKQ7Cj1iSuu2mY5jqbYHqh9gF5ERXLiYj1z	93.115.25.181	12009	143
CSV 58KprHKFNHgH1Cvo4QwxWkDeJNaSQVteCoAAFUWjtESn	5.199.170.111	12009	142
CSV HaLanfo94ezLc3JZ55qqxr7W3qbe1PprJyv2uEtriEqN	5.199.170.31	12009	142
CSV GUvRSvhhQRA1PhTpMaqW5hELHcPP9QP4W45tHFEbtqRi	91.211.83.200	8009	142
CSV 7NU7hg2LyMeu7yE1zWGoCf5EU2LzFeeVaGKG4QnQko4U	91.211.83.199	8010	142
CSV 58T8cF983TnmQS1Q7J9wW2wdKoXTdA5MZTaRR4Djyazf	91.211.83.224	8009	142
CSV 6RZshDYBGToKCniDjckyF3cR4NpuEVqZWwTcPZ54gELr	194.187.206.34	8010	142
CSV 8uJiHDJ1b7UDQ4KFsQGJXK9nUCkokdKRJymg1Wy9nxvM	93.115.25.111	12009	141
CSV CoGag5j1bx21KY2s5fyym96UTDV3GouoLz24g1ZXMh6q	193.56.148.212	8009	141
CSV 5FDPhuJekd5s4v7Xec37NTvx2nhJf4yP1gG9sMCygZ4V	185.81.65.78	8009	138
CSV xenMPWy6UGzSffNmR77roHnrndzjLDf2zedw5pFcSnk	195.3.223.252	8009	138
CSV Gc8Gte6gP3EPx4VSXF1KRfvQ1voNr7F9UW4hVF1XNnT5	212.23.222.114	8009	137
CSV Hm8YczcD3tqoHmESwK9ySdFJX3uBBLBMqNKWm3LghW8W	178.236.136.150	8010	137
CSV 9j7JiFdRtcenL3dBgRQRaiS8khGaxSUozrCmKdAfnmjh	185.248.24.27	8009	135
CSV D32cBNvo9qmMyMSJzWqDPQ3ujYFuW9HHNjVkwxspezQr	194.44.147.207	8010	135
CSV 26cnPXNAAFs1oGuFpsgnjbB4ym9YkcMMdd7Z48hr5yyY	146.19.24.158	8009	135
CSV HgrgNPfY8DsPxxPdmjxNTFXZpgiknZvPMXv9ipbZbbVM	146.59.82.47	8009	134
CSV 69ZPqJi4jMt3CirCwtXuYt7D9wrCyVo898GJdDVS3G8k	146.19.24.247	8009	134
CSV GTvgGVZo78Gtx5CgoKRFNEiD3tLmEPXMHvVnZ3qXSsmx	146.19.24.210	8009	133
CSV syrs1ewkLaWrJ3VoXhFtZHZZSRNTRb6qQhkEhmXKbcC	149.50.96.130	8009	133
CSV 98HVF8czqLRsjhskZoufbqymTNsPYuni5nuVSRC6EFpq	107.155.103.222	8010	133
CSV 2npYpAQcNWcZo85eB43DnSMyeeVCiks7g65YaWVKp8TX	34.151.212.218	8009	133
CSV 5fxyp8GDtGWcesu6R42pjFdBhXrwNJ3xyZXnKWTfNLAe	146.19.24.100	8009	133
CSV ASryt5BzW7qsYW22xT6V5Bum49J2mEzucLc9bYoWFZMp	146.59.81.84	8009	132
CSV FBk28nGgANyLcBmBrkrvRpGCQETGMJQQk5vZ1ctd3k7S	149.50.96.49	8009	132
CSV FaGBP8LJrXE5h3cFRtPxz8x8695LQAYnvYn3NGtVtvrw	146.59.82.26	8009	132
CSV Xrh9LuJJSNWfN686vGbj7kYT9gvrchufFo64KHNqxA8	146.59.84.19	8010	132
CSV G4xr1q96LMSRDRAYSPuAxPycsnANTnFxo6hrucZGotAE	146.59.81.212	8010	131
CSV 34Eegy89hWD8HskhX8GzkkrEgdWDAAsTd5ZPKPHs6pBN	146.59.54.3	8009	131
CSV 8QQn2KJcnMxZ3xHJQJMiyysyWx94mdNCBwoonT3YN9jQ	146.59.54.35	8009	131
CSV 2dxz129YxB1xtf7Mx6HUT5JspexArNNtQt84FYueWZV7	146.59.84.215	8010	131
CSV Bb4BP3EvsPyBuqSAABx7KmYAp3mRqAZUYN1vChWsbjDc	146.59.82.48	8010	131
CSV CUPryNhYfF8ChYyz3tahM84ppX5WSpvRxWqP7PEHMX36	149.50.96.156	8010	130
CSV 6h9jyRgfpmgXNyaWpbDpbxbCoF56WEbzsruhMwDn2om4	146.59.84.194	8010	129
CSV 79BLeiBD9r6okMwEPW3zHAviUJFwCLjTsK6HTPBwrN6f	146.59.82.14	8009	129
CSV 3jsxbcL2kkKDH19mH24iG6NjG9EvybGqvFZvADzK75YH	146.59.82.13	8010	129
CSV 2XTfaBNteEo1nrDhqmkiBGQ863cxgDdEuZ1iGvCunXiv	78.24.180.157	8009	129
CSV 3dTSoyKbYLFMPTJgkKiBDFf6MuHoTvbZwR6afYoksh4z	95.143.188.206	8009	129
CSV GQzMeEMwAR44ugoNCifTb5NdRKos1GduDUPeNh6AgV46	45.250.255.171	8009	128
CSV 5EhGYUyQNrxgUbuYF4vbL2SZDT6RMfhq3yjeyevvULeC	45.250.255.161	8009	128
CSV 6WgdYhhGE53WrZ7ywJA15hBVkw7CRbQ8yDBBTwmBtAHN	199.254.199.160	8009	128
CSV 3L7DRu7kTxNX1X73KxUDGeKjtHEhN1fd3cfBzK9QhH6c	146.59.82.52	8010	128
CSV EkvdKhULbMFqjKBKotAzGi3kwMvMpYNDKJXXQQmi6C1f	34.245.192.232	11009	128
CSV 8zu5yVC3HdaaNVU3nFhN8XWR5zRK18LHd78gL7vxX6Va	34.247.195.69	11009	128
CSV FbYX2uN573G5WsgiPdHU6fS5PNUyjdXfGfpZNkYUuT4k	84.32.189.29	12009	126
CSV 4rXLQVw4iYJeuveo3nVHs2pUPcBjRjevyCwrWRT2qavv	193.34.212.24	8009	126
CSV 524nvr3JESQpYq5UUD7QMkpuDMg8TyyJBGr5m47jWZfe	54.216.157.110	11009	126
CSV 4g35jkHbk91mhMZLe7VVhi2E7eJHYzFq8uWjGJ4qQ16z	185.16.39.18	8009	126
CSV BeaCHioStqCEFDFxKwAEzyrUPYxqnBPhJ98gDKeEiTPb	80.190.132.83	8009	126
CSV 4UwqrkGpterTBEvREHWNcM2vvHvpqYvViPLVZo8673Xi	80.79.7.128	8008	126
CSV 6aDs9tUm2gErcPn2c1TZnp5cu2bQV9BzyuwW4baWQYd4	176.34.128.168	11009	126
CSV HSX42dhQPTaVjtwMQXwGTCobrs1HnxZ8G2J6JTnPXpgP	89.44.211.18	8009	125
CSV DtY5Bzxd75iWQRvKwM2xLUxqwLT1RRoeNwmVvgS2JANA	90.90.87.73	8009	124
CSV vu1sGn2f1Xim6voHNLt4nLn38zNkYdLasU7hEr1TC2D	169.155.44.4	8010	124
CSV 6mXzy8eK1eCQ4HP1ZnQcDzscTLDaQ3PYi7U8NuYTxu21	80.79.7.65	8008	123
CSV 2nHwBDwqtQNTbCUwhttsBUHnQw5QJwuDNGvynNtHaEx4	45.14.135.199	8008	123
CSV 6D6TsRzREYkgunZEepPBa7vUtvnGR51FoMMX2qyokZnY	80.79.7.64	8008	123
CSV 6RA8kSNtnCDDrNQwnJMHfcsy5DK14ew4tVDF54rRsPMY	185.100.235.235	8008	123
CSV ECAq48skWmYJobngNd8ZDUQxB8y9KCaRAAzsfp3y2hjK	80.79.7.11	8008	123
CSV FBKFWadXZJahGtFitAsBvbqh5968gLY7dMBBJUoUjeNi	63.33.206.62	11009	123
CSV 3SkE34PVeGck2ArEffFKjihrQgURsvnoTAhitsNXNzXd	84.32.189.30	12009	123
CSV 3JotfSFPaod4KVK7nj7ULvcq5PjUBdZNVGracNkJNhrt	141.98.217.155	8009	121
CSV 4o27cX8MsYmyzbYq9V5a2aMTW6eC4wxonVfkik6xGYHD	141.98.217.182	8009	121
CSV 6JKwz43wDTgk5n8eNCJrtsnNtkDdKd1XUZAvB9WkiEQ4	103.219.171.49	8029	121
CSV BXAxLMMMUNYfC1z166VjWHR3WjTmqzLxB837o5ghmRtH	74.118.140.170	8009	121
CSV 6zAsEYWbtV4skvZGM8Vddd2XYECYatodyxq3asjRyJTY	74.118.136.133	8009	121
CSV AEHqTB2RtJjegsR2ePjvoJSm6AA5pnYKWVbcsn6kqTBD	84.32.189.40	12009	121
CSV 2oHUYyW2PU9VJh4XBs5TbGgzdernunvGqyKth3kxW4ns	74.118.136.133	8009	121
CSV Frog1Fks1AVN8ywFH3HTFeYojq6LQqoEPzgQFx2Kz5Ch	74.118.136.133	8009	120
CSV 4YGgmwyqztpJeAi3pzHQ4Gf9cWrMHCjZaWeWoCK6zz6X	91.90.43.10	8009	120
CSV FdRZaVGSJ8QBdnhyX8ZGfRUEs4tBHUKYEHADL4Vo3JWc	192.42.253.216	8009	120
CSV 6raveA75oXyPeEckX6u8iCFi34EByvrKLPgLC2Hobgrn	185.100.235.233	8008	119
CSV A95EBv1isSrZteiN6pq7Z19y9Bvw2fjHRtPdn4QsprDW	141.98.217.204	8009	119
CSV J2obR2DK7gnd6H88HjKzEYuMyboDWRNpbzwmGSh31nnu	45.139.122.111	8009	119
CSV 2nDgb2py4cjHy8dxWGPUUR5641SSHCBEjnGGcuyqCKCh	141.98.217.153	8009	119
CSV 4jtynHr95SgNxsvS28BRvPqMV1M6PyzH2TubU4PLCFED	146.0.78.164	8009	119
CSV 5Us18hLZPXJTS4QVuGSsUw137Dyd2tgBaem24Xsf5nBS	84.32.189.26	12009	119
CSV 7BLSDDVabHsSoD6iu1MiBamTY9HofwLkBbonSCGePXLn	147.28.184.119	8009	119
CSV 6m5vsg6XfsVUroo1zzZmB4YgFmV6ykLiwEXb6choovpc	74.118.136.133	8009	119
CSV BbUTmY3saxeJJze2Vc1ueqEpV8Btj24wKpFbZ1r4XzXr	80.79.7.26	8008	118
CSV 3fpcsJ2WPdrmpjVVA5Lmv4m9Qx5xqND1xJhFprDSjWJ4	74.118.136.133	8009	118
CSV 9pBHfuE19q7PRbupJf8CZAMwv6RHjasdyMN9U9du7Nx2	37.208.106.114	15009	117
CSV G47ust3Q72k9ZAXGnAEU8rtWbtnrtB8VYEmGRj6VUhPJ	80.79.7.116	8008	117
CSV AccoZSbu37g4qNey83gy7iToLjDq4zrxdgMn1LKGqhox	45.14.135.191	8008	117
CSV EDzSBtJ7QPKzJGw1LaPcJL2pJLcHpimBLGg2dHB9VQKA	45.14.135.86	8008	117
CSV Ex1AxFCipXGfSxgvXPPT3nPQUARddCduHwKR6jHiXAaT	3.250.72.61	11009	117
CSV GjUmVXokEfkevLgG3oHRUcaKV7cK2bdbGVaox8eA18nd	45.14.135.205	8008	117
CSV 6NDen7aDi65apHo8m1Vea4nuS6LyjQeM6pDNqcW4Q5Pg	80.79.7.109	8008	116
CSV CvnvV1A7bkK6Dp4gcAyFdEuAKLvqWtmLp5V23MUnk62a	80.79.7.42	8008	116
CSV AqWyFBjkRQ4ipHWaJb3zirSb7rHdrbw8N7KqiL5tx12z	80.79.7.60	8008	116
CSV 776BzpbpsZU1rbCkNHizEP5r8RE8QL12Xqm49krkLPLy	141.95.126.201	8010	116
CSV HrkbADNUY3D5Q4wDfd616ZXjahd3p7vs8doWfuagXTEa	80.79.7.9	8008	116
CSV 6MMvVR2UqSkHz5Drt4mmpaS3DBv8kvcrFuKh4sWNGCqD	141.95.99.67	8010	116
CSV 6JnkTz9UuchnXNDVsRz9ok85J9dyTuefdfMid3Kqm9e2	80.79.7.56	8008	116
CSV GoeW4aFK4dGoekJySgUynWDxBZiQJqm8GDAF4H53tDK9	83.125.137.156	8009	116
CSV AJKjJQXNPYe7ZUfpPMfsKkav7f76cjnhuyMcRr36qpWr	80.79.7.28	8008	116
CSV 9jxgosAfHgHzwnxsHw4RAZYaLVokMbnYtmiZBreynGFP	136.144.48.181	8009	116
CSV GcSQc4itbmUBydybJgKPdeAxbo9nNPNd4ZVS9tiZhFoQ	45.14.135.190	8008	116
CSV AUa3iN7h4c3oSrtP5pmbRcXJv8QSo4HGHPqXT4WnHDnp	141.95.33.113	8010	116
CSV JokerEfTSznB2aTmowy4QPqjyajLMuYM6Jd4TDnKPNc	185.183.34.247	8009	116
CSV BtsmiEEvnSuUnKxqXj2PZRYpPJAc7C34mGz8gtJ1DAaH	63.34.145.205	11009	116
CSV GcJxg78aTQGeErjv2b4kcd1NVRYuB31rfhuJ2zXgrPac	141.95.35.142	8009	115
CSV 2wncJF4QCGJThRLZvTmnQqiDNtkpV6JQ4sw3rwrtiZRA	141.94.139.103	8009	115
CSV EY9dfKzLHCetix2ir7tmSMhkYrPfWSUYKn8XPKzgvdgK	141.95.33.127	8009	115
CSV BUv44cVtsdvU9z2BfFGk6s5JZZWrmVnq5qCaii5ARyyB	74.118.136.133	8009	115
CSV N55CrumveNQrXFn9oL4xkFDB9K8q5PxwrYaAomrxemz	141.95.35.237	8009	115
CSV 8xWsmbZdGLXNsrNjrVWQX8WsrDoX1dohtM2ncK9vtUvb	54.77.253.93	11009	115
CSV 3RXKQBRv7xKTQeNdLSPhCiD4QcUfxEQ12rtgUkMf5LnS	74.118.136.133	8009	115
CSV G74hWrSGoRRmvBYtiTttLSZ1Cue4kzbMXxwB2WqFvaLj	74.118.136.133	8009	114
CSV 3dvEf7UrKe4sXpdZEVPKMrfqrbmN16KoDxG8iyiaXXKk	63.33.198.220	11009	114
CSV 9JJQN1WpJ8QvH6XK1xAMbSpgHSiwqBgWaeCh3ViEFmtN	141.95.98.130	8010	114
CSV 4oenxERWkYjZfmoTeRPRgXmMF9kkqUzgKSPjxL6gP67u	74.118.136.133	8009	113
CSV Va1idLRtYEtVFJFsvz8vtt1uCJgea4Q1zi2Rh3eraJh	74.118.136.133	8009	113
CSV 5pPRHniefFjkiaArbGX3Y8NUysJmQ9tMZg3FrFGwHzSm	74.118.136.133	8009	113
CSV Aw5wEMXhbygFLR7jHtHpih8QvxVBGAMTqsQ2SjWPk1ex	74.118.136.133	8009	113
CSV CquA9q57TYVr9uvXvk6aqAG5GGKk3mUL9C8ALyAsUeWg	74.118.136.133	8009	113
CSV 3LKjD9Cb8RKKbmwM3LphHEvfZdjEU4rAFGDDUiVnuXhJ	162.19.232.177	8010	113
CSV 94HgFvsD8zm7UXJ5KJxN4zW5nsdhZWY2LFREjfaFEHwR	141.95.124.92	8009	113
CSV FZrSKKsKfZJovcQWRQFDXz8DbHKCSRZLZqbBAGd1dG57	74.118.136.133	8009	113
CSV DDnAqxJVFo2GVTujibHt5cjevHMSE9bo8HJaydHoshdp	74.118.136.133	8009	113
CSV DWvDTSh3qfn88UoQTEKRV2JnLt5jtJAVoiCo3ivtMwXP	74.118.136.133	8009	113
CSV HJggDAdqHvg3ke3dRSxpeSi6dNsdJ9UgxLZXE5KtHQem	194.126.172.186	8009	113
CSV AjfUXpuPLBFwB9NbhS8vYFgvf1tU5Xt7LG7yKAQpBTNE	141.95.99.65	8010	113
CSV Certusm1sa411sMpV9FPqU5dXAYhmmhygvxJ23S6hJ24	147.75.84.43	8009	112
CSV Agzs33CozCnr3eFvyHcYkb46nUZq4dL9SFMV9CNAxfGR	141.94.141.51	8010	112
CSV AswkbUbQZz4guf3Ex45LFPgnSzFjsGumLCaHd142cmmx	141.94.141.68	8010	112
CSV AenwsZfbK6VznNZQPSSLyRcPirQSK1p8LWuh7B2pJgkR	141.95.145.152	8009	111
CSV 34t5CmGFfVkdpxQgKbAJKje1NLXa1AdWUerSjnomPgxH	57.128.20.183	8010	111
CSV 5VrW7YNBccVnhnZVmooCePdLFcs2UjfxRT3hoY9mN8Ec	57.128.64.23	8009	111
CSV 13xkw4jY5PvZnqCFZSTBQCjHGNd6VTu1A6PHF2rU9AnA	57.128.20.191	8009	111
CSV H7tpxumDErX9DXNTKKBFTDmynXBF32QQ8n3QjiQfLn2i	57.128.47.63	8009	111
CSV fishfishrD9BwrQQiAcG6YeYZVUYVJf3tb9QGQPMJqF	147.28.133.51	8009	111
CSV CwhdMezLucz7bcuWzStpLXgrzKGC2tBBiaVmJZjfprRN	57.128.20.186	8010	111
CSV RBFiUqjYuy4mupzZaU96ctXJBy23sRBRsL3KivDAsFM	208.91.106.37	8009	110
CSV 6YRhtz3UHwsD61YTPZL3hWSro8dYJELUiH2STsi9P9Qi	208.91.106.37	8009	110
CSV GGRsVQ5fm7GdawVZmBT2tY9Vsg7mw3YKDwFbofqfSmw7	208.91.106.37	8009	110
CSV A1GgCvSs374GeXguQk1u91sWSLZqGVUsfJ4B4KrKjEhp	208.91.106.37	8009	110
CSV 9YGn24qD8ZCU1EKZEsPLSEv7SVAJ4kpbCTmj7fR5TXYv	208.91.106.37	8009	110
CSV CQicKXFGuG3JGUHWYyuGQYuGJ4PtKSCDs91kbW7G6dCm	208.91.106.37	8009	110
CSV CXPeim1wQMkcTvEHx9QdhgKREYYJD8bnaCCqPRwJ1to1	208.91.106.37	8009	110
CSV Awes4Tr6TX8JDzEhCZY2QVNimT6iD1zWHzf1vNyGvpLM	208.91.106.37	8009	110
CSV 2VA3q6DbiLjbrLgnkiZ2fdyuRyVBkYRgqBDwA6qYiSDD	208.91.106.37	8009	110
CSV 57i31UEyDg4koaZMZ1wAHbYuezXv3AVaHtvJgJarxt3f	208.91.106.37	8009	110
CSV A4hyMd3FyvUJSRafDUSwtLLaQcxRP4r1BRC9w2AJ1to2	208.91.106.37	8009	110
CSV WUNoB9YQXmXXRcJsjY1G8PfVag5aAfnyGmFd6YwJVwp	208.91.106.37	8009	110
CSV forb5u56XgvzxiKfRt4FVNFQKJrd2LWAfNCsCqL6P7q	208.91.106.37	8009	110
CSV G3gDtuC1b5iKaoxCnVZpPuGNyVdFher1QRvD6Tfe6jRQ	208.91.106.55	8009	110
CSV 4JahMMrVRS1gimWoXpD5H6KwKc2MrsoTDFMaStMttL1E	208.91.106.53	8010	110
CSV 2LhJjdjNic2BcsRLN8opwd9KZSsabebQMnxj2PkU8ADQ	141.94.74.144	8010	110
CSV 2gDeeRa3mwPPtw1CMWPkEhRWo9v5izNBBfEXanr8uibX	147.28.133.161	8009	110
CSV G35uLP74uj4eCSfMs17ePKtK1ThuH8JKebAP1T2y6CYw	37.59.29.227	8009	110
CSV EWPP53ZmFP1Fj3dtSZKCUDPy7TVAABBjL6S2GpYZ6rGa	51.210.154.161	8010	110
CSV 5XKJwdKB2Hs7pkEXzifAysjSk6q7Rt6k5KfHwmAMPtoQ	141.94.193.181	8010	109
CSV 5rNErxSxMj3WysMx8bC8vHkbrt9QmwMeG9H6aTp71485	57.128.92.78	8010	109
CSV 9UsSQ9m5QemVf9NFmKncDDXGFGzUXMiFay9Fv7rUmjtV	37.59.20.19	8009	109
CSV 9SjGU3tzdEXfLaVsLpnTwP3inBNhAPMq4XKupUf9Ms5E	37.187.57.166	8009	109
CSV 3rdim3YgHsaVwhZbadTcoWjsceLTAwW4yyXydXC1iAaW	162.19.62.16	8009	109
CSV CsKpHvEjoSkdNduEjb7mfuJbzRKqc5ypde4yUW4iGMS1	141.94.74.210	8010	109
CSV 22rU5yUmdVThrkoPieVNphqEyAtMQKmZxjwcD8v4bJDU	103.50.32.104	8009	109
CSV HbidP4hpQdwhkzrxder3x3VNPt6DQnE25gFG46napD2p	103.50.32.76	8009	109
CSV q9XWcZ7T1wP4bW9SB4XgNNwjnFEJ982nE8aVbbNuwot	103.50.32.77	8029	109
CSV 6RmSMaZbyb7SGKLp34MXY2qkFePZh41Frs79xJgEg5R6	74.118.136.133	8009	109
CSV Hz5aLvpKScNWoe9YZWxBLrQA3qzHJivBGtfciMekk8m5	74.118.136.133	8009	109
CSV FugJZepeGfh1Ruunhep19JC4F3Hr2FL3oKUMezoK8ajp	67.209.52.87	8009	108
CSV 76rcGHdPvgs8G1XrzCXUTWtwgT59AFDvpB4VbTS2TBBJ	67.209.52.23	8009	108
CSV Hr7bZkosETza1xtSRgmTr8DBSMMif9RPE4U49H7LXSNu	67.209.52.18	8009	108
CSV AicQr2zCWBLiBwt2r6o7iTemmtyE7q5pTKyuuupbXEQA	74.118.136.133	8009	108
CSV 7PdKhpKz7T39vZHFL1UfcYNDsLvay6hp4KPQq1aUckFf	74.118.136.147	8009	108
CSV 9ixkRQFUmQfDfJ9sBzJMs8QeBpqz4AeR94n623eaYK2S	141.95.169.5	8009	108
CSV A5nvA7aUhcQWBeKFaf8WC7e5Ryzp4piuWc3hkvpLfgSs	141.94.248.181	8009	108
CSV 3Kzdcmu6yWE4AEhFdxAoWncLijpwzNB95JThHRXzvf5k	74.118.136.133	8009	108
CSV Ca5e3b2AmrL72V437MEZMYTLnNUEXTr2P1TZcGQgJPyP	51.91.12.202	8010	108
CSV G8iCkG5QXykEmCKxe7yrXyXJapBUFxTQsiBUeeHtYmFJ	51.91.12.210	8010	108
CSV GYx8kpp7SsRwtQEEsGQjAxb4hFMMmT91kFJuDeky3YGQ	74.118.143.73	8009	108
CSV FGtqr2SqJBpUioE5Wow7neqKSqZUMWbcpRKbDpixMr1N	57.128.97.13	8009	107
CSV FaMYZXtcjwroLEBy1UzEaWBX3dyFqzNFnoWyQDzWtTEQ	162.19.62.133	8009	107
CSV J1M8vfJci4Wgs8VzQja1A7v92Pd1SMcrqC76heQNLr1A	141.94.73.93	6009	107
CSV 7wohoM4oWam7mRKEYCxU3xKoFf6Q7ft1wHqkfFrmaz7K	74.118.139.12	8009	107
CSV EEN4pf92jyVoASZ6pQQMHcKXTF4d5T3cY1a942QhRasc	74.118.136.133	8009	107
CSV spcti6GQVvinbtHU9UAkbXhjTcBJaba1NVx4tmK4M5F	74.118.136.133	8009	107
CSV 23SUe5fzmLws1M58AnGnvnUBRUKJmzCpnFQwv4M4b9Er	74.118.136.133	8009	107
CSV b8ThsbsARWyjqWrBdU9JNFhXg8ZAjDaJtaqXXzy1sRS	74.118.136.133	8009	107
CSV 7cVfgArCheMR6Cs4t6vz5rfnqd56vZq4ndaBrY5xkxXy	74.118.139.39	8009	107
CSV MCFmmmXdzTKjBEoMggi8JGFJmd856uYSowuH2sCU5kx	74.118.136.133	8009	106
CSV AaapDdocMdZQaMAF1gXqKX2ixd7YYSxTpKHMcsbcF318	74.118.136.133	8009	106
CSV 8pyp3vfVPRziYdAYEyqkwytdBbdVbQmHqfQAVDcRV3w	74.118.136.133	8009	106
CSV 9rVx9wo6d3Akaq9YBw4sFuwc9oFGtzs8GsTfkHE7EH6t	141.95.154.117	9010	105
CSV 5GattKwm5oBpDJGgdL7ZZfCMthoETwrZFmQMDK5eq86a	57.128.126.140	8010	105
CSV 7aR6AjK87ehUxwEJrPpnoizUKtxJKxqZCQCEGD3h1Xgf	141.95.155.7	8009	104
CSV STaKesuXJH6UGRizuEVSWG1tyLu5ycKgWj3i1HUdvs5	162.19.82.200	8010	103
CSV EZUyrtZoBWMMoXTLzDo4RVTXi5XKYCs1kq7oESFLDvCP	198.244.215.9	8010	103
CSV Hj2jzpAp57KyM3SmnYwJbDVrQ8tTWizMon2hhzYzwxet	198.244.212.226	8009	103
CSV DAS6zKbzVe5DFSwyEgo1TisuWt31HjBdZxzgBF2ASiju	141.95.155.11	8009	102
CSV CAo1dCGYrB6NhHh5xb1cGjUiu86iyCfMTENxgHumSve4	145.40.113.193	8009	102
CSV 9hQqNe3DQTiwhspatewA8EXhz12e6sq5UJVJ2qNRwnTf	198.244.212.39	8009	101
CSV Cu9Ls6dsTL6cxFHZdStHwVSh1uy2ynXz8qPJMS5FRq86	57.128.141.103	8009	101
CSV 2abwQG3v2xRemFxRszVHSfnjJNe9zu5X8duKgxjyLeaK	198.244.203.106	8010	101
CSV 3CSTv2qSP2wHfVojHhR4xbgCGfRerzFTTSpGyDp3UjKi	198.244.228.97	12328	101
CSV 7HMHSdQkjDwz9Q5zAhEy83uzW3XHJchjdpMYapKXcKt5	198.244.230.147	8009	100
CSV 7PwCuKPmGF3ZqWHgn8zXPtsWJ7Ud2q1DFggRkzctwJnJ	198.244.229.196	8009	100
CSV HNq5uwktQcNFuuFYKoN1hYKVDuBZ6p8VZdfBjG1AVMso	54.185.113.10	11009	57
CSV 2fFev6gBMMzfUzbSdVnnSzNXG9W9iZ9UNZuWpPKJKKjC	18.237.34.163	11009	57
CSV 9MySck9qTMMPMUwFnh1rAYk6eStsBkUbKSBTnAeKmJXu	208.97.220.12	8009	47
CSV kGAx6sCAdWR4aF5DcaqxFF67LVECVztSH6VZVgQVL6G	162.244.35.47	8009	46
CSV EUcJwf7jXskRE6NZBtFPVH2EedNvNYko8LL2WT62XctB	148.59.149.162	8009	45
CSV Ninja1spj6n9t5hVYgF3PdnYz2PLnkt7rvaw3firmjs	184.105.146.36	11228	43
CSV 9CjWMspqwJ7FJb3ijDXtoTM9Pp3mj1YAdSbC51uQAr93	147.28.173.35	8009	42
CSV Bwfp4QpmwxCKCxvtYTfur23ckxFdT4wa6Lfs9HswX7tE	147.28.173.15	8009	42
CSV EReBoRDj5Lv9y1FGPXxFCt1KAgZeKqa8zJNZvkoA4Uoa	141.98.216.23	8009	42
CSV c3rtoMCHSbFrLRTAdw4iRowKSn4BrDtvSPbuyJwkHwx	141.98.216.23	8009	42
CSV juigBT2qetpYpf1iwgjaiWTjryKkY3uUTVAnRFKkqY6	141.98.216.23	8009	42
CSV EgxVyTgh2Msg781wt9EsqYx4fW8wSvfFAHGLaJQjghiL	43.130.131.93	8009	42
CSV EQ1RbBVQx2gs5PQQgMrVx96wZ5ts65GJbEYTGBMnvddS	162.244.35.171	25510	41
CSV 8buJst58M53hS9Zq5Gdrx83WV6FxP9SYC6q7twwGRTuu	64.20.37.142	8009	41
CSV FJKQDFkhQoyvh1GLtuofqqFiiamg6dCL3hhCabBFHjry	69.10.63.210	8009	41
CSV APDgtwEX9zpcfez1zYVmHQcDJ4GYYmm9dWRDJJQq1bte	109.205.213.82	8009	41
CSV J1w9jrniqbA5Qnaf15eHV4t4TUNjKTJpAZ7FyJaPAP5Y	66.45.225.166	8008	41
CSV FPwKd8WmeugZLZySCcr5RmqdVnQvJ5zRQRCy6tnkdLQF	67.211.211.74	8009	41
CSV Cb2EjFfZ7Aom2zPze2no9SZ65kttTa4jR6Ug4NR6vpPu	209.159.154.122	8010	41
CSV ESNarF7DFmuWEfw8sd2A9uzjWxGuaF3BU8GBiszW9pft	74.50.73.70	8009	41
CSV 49FDKWDRLEuZA5zYSeRgDW1oCZAjDBPqS8wZK4p99JqN	173.225.108.122	8009	41
CSV 2bSKmh5SvTTvDP5SDr3UxYossfrmk7vJA9q9KGayf9vt	216.219.89.66	8009	41
CSV 2czjop4YDooUmQP1eY5AYABwdxnZUb4vMrAFCcctZyGj	66.45.249.62	8010	41
CSV F3dJbecT56EoP51Awv5RXtVTv498QNKWrUDu3rQ5srvY	174.138.185.134	8009	41
CSV 8C2FxL5eu2SGv8tajRm6GLaYx8uLn6bLbH3q5gxgZFmJ	162.250.122.218	8009	41
CSV 9jnYKtJoHKsR5XudQnvR9cXTxeorQf8C1wqZvU79govG	192.64.86.214	8009	41
CSV Bi8MhxRtneEwv4c8W2v8JE3zn3QdtMeUCUuiuLAk5Ht7	68.168.211.70	8009	41
CSV 991g1j6j3jdz6QFP3F7fegjcFUR8S2RqPFxyQGfjR6Ge	162.244.34.54	8009	40
CSV Ey3DkEVbfBxfWmkTsG7Hqj7jshYf5Zx9H8462Zjjkykf	141.98.216.23	8009	40
CSV BM3HeTqJyYnZ8cnTFFFZUe79FzixzUL4hZNCdcQYg2it	141.98.216.23	8009	40
CSV 7XK1hWeStsrgtsJhBPRSWQb6jcrLG8QuKP7qzaKpSGgk	162.244.35.41	8009	40
CSV ciTyL6re3u5ZNHhEwHKj95QTBw7mGhfrVa4yVKyLnNn	141.98.216.23	8009	40
CSV GFHQxZkrzTQS927W35gUkupcSmURxYqxpKfrTw9czdEZ	162.244.35.86	8009	40
CSV C6AwEu3aSxuA5jFGnWC1dQpVpPiDSoi7eM7hXo4agtwm	162.244.34.34	8009	40
CSV 2vRvja1nwPE8AFscyYXH5rhYqjbZGMMgTc3D2NgECYus	162.244.34.19	8009	40
CSV Am3LnPMjHNBXa2UmvsgQLJt24tHiPCAT5Axq2yGjSqaQ	162.244.35.71	8009	40
CSV 5h1TBFXeoXLKEj7SuNSrce1RQVASrj3DXzVGcovW1Jxn	162.244.34.47	8009	40
CSV 138KHwTqKNWGLoo8fK5i8UxYtwoC5tC8o7M9rY1CDEjT	162.244.35.174	8009	40
CSV F97xU2xEfFN3d3J33dd2hDJb7WASDqLGRUqznXS2i2ig	162.244.34.60	8009	40
CSV 6hpMTcU76pCkSZHG1qdfw8ZrM9rFwFCpmKZWqBc5VXr3	162.244.35.36	8009	40
CSV 2PhZQmjD6tskjVWKbLRUoVw5CpdBZ8jECCVhRCSQeM3s	162.244.35.85	8009	40
CSV DCkxkT7pJ6vNZZ6uZwv4mAvTEQtqqGZ2pUsVQ3U6WtcK	162.244.35.246	8009	40
CSV 6r52sXr9U55sr28LGSXReUo8e7eJePrJS1jAYq43pxRN	162.244.35.179	8009	39
CSV 93Q99nhdKjuSe6WNXgMBbC3s8QVQEAoHKt91PNRkUkMn	141.98.216.23	8009	39
CSV Fd7btgySsrjuo25CJCj7oE7VPMyezDhnx7pZkj2v69Nk	141.98.216.23	8009	39
CSV EydLxzdWfD434DDxZYXkTcajvK5VKH7p6CofEDCRUkJ4	141.98.216.23	8009	39
CSV DaHuNTwBvgAFcJsp2KVfNRnwMuATaRvBnuKFjaqVi12J	174.138.187.78	8009	39
CSV 8AkVj5aAtJ27tYXeq89cnSf68V43NarFHMx2iSDjZv7c	141.98.216.23	8009	39
CSV 7y5VhV4fkz6r4zUmH2UiwPjLwXzPL1PcV28or5NWkWRL	141.98.216.23	8009	39
CSV Hmube7PkFmvattfygQgEyWe4GfZ9Dskj4Zc9YFfRj9JU	15.235.83.229	8010	39
CSV akb7XJkB8rgvDixC25gxpGisNS1aAQbk6HZkR9X1jrX	141.98.216.23	8009	39
CSV BFMufPp4wW276nFzB7FVHgtY8FTahzn53kxxJaNpPGu6	141.98.216.23	8009	39
CSV 6TkKqq15wXjqEjNg9zqTKADwuVATR9dW3rkNnsYme1ea	141.98.216.23	8009	39
CSV J3jZnDWMNHiQVuVDRM1PhYfFRMWwMEAMark2oiwQMzcu	141.98.216.23	8009	39
CSV Cogent51kHgGLHr7zpkpRjGYFXM57LgjHjDdqXd4ypdA	141.98.216.23	8009	39
CSV 646wp7gnRUojM2TSSDZJvXrxWcZ7DYAnLMD4HmrUTxGq	141.98.216.163	8009	39
CSV 46nbPAKDbvAFEDQxP16QR7dQHTMVGhnrN6gPs3FrSJzc	141.98.216.23	8009	39
CSV Fire6ZGPLaqBBGWXC8PgweVjREVXRhwzgRNkdGs1wfQM	141.98.216.23	8009	38
CSV LodeuWMHPiPj2PUHUyca2bkpFv9HyzR3gaDBmGJ9TSS	141.98.216.23	8009	38
CSV CMPSSdrTnRQBiBGTyFpdCc3VMNuLWYWaSkE8Zh5z6gbd	141.98.216.23	8009	38
CSV EvnRmnMrd69kFdbLMxWkTn1icZ7DCceRhvmb2SJXqDo4	141.98.216.23	8009	38
CSV UPSCQNqdbiaqrQou9X9y8mr43ZHzvoNpKC26Mo7GubF	141.98.216.23	8009	38
CSV 4XspXDcJy3DWZsVdaXrt8pE1xhcLpXDKkhj9XyjmWWNy	141.98.216.23	8009	38
CSV PUmpKiNnSVAZ3w4KaFX6jKSjXUNHFShGkXbERo54xjb	141.98.216.23	8009	38
CSV B7Carb6EurdvkaxNwJu45BGG918SGZs75kxSqypiH9AQ	74.50.95.182	8010	38
CSV Bkucd9XTD2geqNsgcbMcqsSnLhqfHUuDvAUSGCXsJBdK	67.217.60.206	8010	38
CSV J1xEijrZvidXX8eF9gnHprucjeMAASZ2tYkY1GXF91Tq	205.209.117.230	8009	38
CSV BJevND8rrW5f9AHSysSGTtDWKcARxSpzTyDAvCm26Qms	172.96.172.167	8010	38
CSV 12ashmTiFStQ8RGUpi1BTCinJakVyDKWjRL6SWhnbxbT	64.185.227.60	8009	37
CSV 6kcGXkTF9iBXcJTxbVB4XG28RvtnzkjjKfsyLxVYiryS	173.214.170.2	8009	37
CSV 51g6C9HjShJfNfT9vrmGZrooNjvvYpC56ARGRgSjAcfe	50.115.46.222	8010	37
CSV GiYSnFRrXrmkJMC54A1j3K4xT6ZMfx1NSThEe5X2WpDe	160.202.128.175	8009	37
CSV 7pKTNTV6RAosW4GXP662rKCynX9TiSoWhVwQfeNWam7E	66.45.250.250	8010	37
CSV AuDAC2Rtd7ykE6Zbtg1Hib8LnJKWML4579AY481JGYaG	108.171.217.66	8010	37
CSV HYLo1uWMLxR51jJuP2YxBT2DwAxA43pt2PdRJWryZQFe	67.217.51.162	8009	37
CSV 8bDP7mZsx6Z1pZbRoMtzj5AXaqoyBLqEfgAi157AnKJX	66.45.245.34	8009	37
CSV HUcasdKeLaC1GMYVKpQrSuJSJUAaZxyVe8zY1NoAb7xg	137.175.110.3	8010	37
CSV 4DBSKsjbs66piUiQ6dUjw6cdVzAGc4FgeWSZ5UVPY5kr	74.50.95.226	8009	37
CSV 6NuPoV4GrFwhyqy3K7c7TfsWLZCwNAaAA6gvSk9g1hPk	104.218.49.90	8009	37
CSV ChB6C6dmNujAi79XtQLPKLL5SWdNLMShA7KKnrMMFF52	162.250.127.194	8009	37
CSV 3ARtLeVB83RoGAwRot8dh74pc2uqbPi6JwbkwDzqk91m	104.218.48.226	8009	36
CSV 5N9r2ne7dPgHtzeHC5ETJ3DAueKQiXSU8KAmEZrrojT7	141.98.216.23	8009	36
CSV Hk18BQcmgSasjMGhNc6X5QDGx2VjQTVMdCciU2nXAL5R	216.158.228.78	8009	36
CSV 7w9eAsP2komj1CCZuUW5Bwft2tWTLZA4H243WEkg4CCh	66.45.234.138	8009	36
CSV AGGySGq5iQAS1gZNx4fy7zGt1PCjSuyaBZLiab8PyYCC	68.168.209.198	8009	36
CSV 4AhrAeFbVY7Ucoj4Swcpx8LJFGtxr96Zqzjiy8qhuvXT	64.20.44.238	8009	36
CSV HuxezmVRF3Dokr23jXmtUVoR12g4Cw1VCvwb8KAP9M4o	69.10.52.2	8009	36
CSV CwAU4WGyvu79nTk95JTZ7G27C8HNsE8DbCxMHPPXqREk	173.225.108.202	8009	36
CSV 2jk42YmVyHSxESi7WEstqYDfUSrAraRtznZBchgdnChC	74.50.95.162	8008	36
CSV 8JpfpVyew5Y9cLQCHkt5gqT4vDZLL46ZknMbSThVjzrg	216.158.237.174	8009	36
CSV AWfsAgeXiX6qi2ZS6ctYQ8pRc3q7bh4HaYmisoqLB45F	67.211.211.78	8009	36
CSV 3Urw79qk7EoFoxwPurb8j3RiSK21pcP1mSVe1q7HGXbk	70.36.107.159	8009	36
CSV 49rQADJBCgYXA8sBkBthx3GFLxbtxQXhX4Z752VF6ffi	51.222.203.73	8009	36
CSV GMag1aGPi4Qi7FYNYi9HnAaktSRiWvZ6At3UWruuhEcL	66.45.242.46	8009	36
CSV 6HqjCtxkkrE4c7xMeP6qQsJ1QwUjxj6MQjUmD3JsrjzW	74.50.79.122	8009	36
CSV BwScJHERa43GADgAiD8U8ozsaq2xtfGNK1UqAxueytBA	173.214.170.222	8009	36
CSV WEGAoXBRnwxTopWoRs2YPDn9BGokAcK5kw3VAC4t35b	69.10.33.18	8009	36
CSV CoreZU3NjoVQKcx7wTPty13BmQhrJUjhvS6Hdjq6nbYx	64.20.53.194	8009	36
CSV 6ww6gHBqJcGJ8aWB3Lp7oj23sqda5HgCkMxktDS7Sqqe	209.159.154.110	8009	36
CSV CZ2xJQHwiojrAgrR2BUNheuWxXGjSVSZrkcxFcAGoSUH	205.209.115.130	8009	36
CSV 5UUWU7TjkXEg5i8ddXtiuF98QoT7gvHNuJ6K2rVedXnr	64.20.44.78	8009	36
CSV CCzBYdGfETzRE2PYCLSX2aqo1pHPsagzLaZxnwa3N7XQ	206.72.206.194	8010	36
CSV AgG8obWYeVY6nSkPYqDHXfssxdcG68GkuBikkearYRv1	208.91.111.148	8009	36
CSV HL4KSw2FhtnAzWuRUCrbqxnYJ2y6GwZgy5XYwzM7Zd9G	173.231.58.166	8010	36
CSV 9U4WqNGVywKt3gG9HSt9tGVXBDXJvgid6BVweRysaJmg	141.98.216.23	8009	36
CSV XkCriyrNwS3G4rzAXtG5B1nnvb5Ka1JtCku93VqeKAr	141.98.216.23	8009	36
CSV 32G1W4XLPcPBw9goEg5WyYoq5LS9kK63uRVMeRsPFjDf	141.98.216.23	8009	36
CSV mint13XHZSSxtgHuTSM9qPDEJSbWktpmpM4CZxeLB8f	141.98.216.23	8009	36
CSV VymDdiepH77edNcNcKBKtRUb3gbQPtPyGh5NLcWaynj	141.98.216.23	8009	36
CSV 2Ue9zGmDnvYRrJNEjuAdNkbbickw6fKWtbeNM7T2rakg	141.98.216.23	8009	36
CSV CjmXSapt1ouz3CZzgkRJckBEwMSo5fVdVrizLeRscwYD	141.98.216.23	8009	36
CSV FGiEdzde7Fco2WLpNQMat299hUVoykJdaA5hxdmCzHiS	141.98.216.23	8009	36
CSV 4QNekaDqrLmUENqkVhGCJrgHziPxkX9kridbKwunx9su	141.98.216.23	8009	36
CSV 5MDRywsBxqMPYSddrU12kZfiayPzntHMQyZWNXSpYexL	216.18.205.138	8010	36
CSV scs2LLx4ySqYexe26cSgQXcZncrp8esrFHH3R3bXrVc	145.40.69.117	8010	36
CSV HVXXmNKkmDZbZwj74iL2Y9Wu4SyrchBoxAfFYVAktLrG	141.98.216.23	8009	35
CSV J6DAqR5GQPYSw8Cwc92d54MeBKEEDtUmF9z48Rj67Me2	15.235.53.217	8010	35
CSV ExnG6VdMubFJfrB7qereo3YxUMyeZvTuZUVKfv7R1YZD	15.235.83.233	8009	35
CSV 3B2mGaZoFwzAnWCoZ4EAKdps4FbYbDKQ48jo8u1XWynU	15.235.9.74	8009	35
CSV 9PViHDmiezXQfeYDveJrcfkXCQVCcsfhpo32cjHUeZVj	15.235.9.86	8010	35
CSV AWHfhBSMN7rX7NEDrKNfjnUyR7W1xpfistTy6w9GqT6U	15.235.83.235	8009	35
CSV FEJwc7fefAKZ2R4rFbLWh28saWo7QfnU5f31Bi98E6cE	15.235.114.137	8009	35
CSV E1SFkvPjU31xWMcvgnX6vhGvfRvb1zXvHFkqmQNEGZKK	15.235.83.231	8009	35
CSV GeanuVj5mmNkFob56Y7gfXh3BwBRWDwzUWY2fdNgfZok	51.222.203.57	8009	35
CSV 9Xm2WtKW1tEpY5wxKZD9XbAmojHGGtjiGeM3LotYT1Z9	15.235.85.18	8009	35
CSV HzrEstnLfzsijhaD6z5frkSE2vWZEH5EUfn3bU9swo1f	141.98.216.23	8009	35
CSV MNDEE2sgqVKYUTKTpGTqJhdQfXz6CHW9JPWNhcBkSj6	141.98.216.23	8009	35
CSV CoG8d9Fp2TFJRkAmrPMiPsGhQWHzdTTVoegEp9svRgmJ	185.209.177.220	8009	34
CSV 5Ub62TBgcTqYzD6jCQv97kAbBPGASHLJTkpDP4GeHgTR	108.171.214.122	8010	33
CSV EswEfeDSWWLebKbExtab1tCa7Vh254imTcGGYJVxPdrA	107.182.163.6	8010	33
CSV zeroT6PTAEjipvZuACTh1mbGCqTHgA6i1ped9DcuidX	147.75.56.177	11009	33
CSV DwGEK1ZSC5SM9e7Tkts5hLpkUffAsFUcqeLr2zifaXZi	216.158.71.98	8009	33
CSV 69XmsSWViGixcHhwz1KawAiQhvtzq3ipebNP8Vr46djf	216.18.215.26	8010	33
CSV F84kSGMUy81sHVF7HtZn8nPMRBau2ZC9uqGAZGJtHXYJ	108.171.215.130	8010	33
CSV 9qbqAdFqJK4MhmZPQjbRUxRUi2NTpevAiZ8wj7SiCiTQ	173.231.22.126	8010	33
CSV CQKC4kB27Gm9i9u54USbUrQ4WVrBSdWT9srMz8p5x7qt	216.158.71.90	8009	33
CSV 2dfgsiSaZ51QYPsECMYMG247PXxyKdwkV9wTHoQb8YEC	204.16.243.80	8009	32
CSV CTXhU887XFTPk7HQdVQ9DVyEoa5iqwmU2kunFiaFv7aY	204.16.245.182	8009	32
CSV 6xFDLX751L7H9d5fQT9sf2SM5RWWE9LDgqz25pPDbWoJ	141.98.219.227	8010	32
CSV 1EWZm7aZYxfZHbyiELXtTgN1yT2vU1HF9d8DWswX2Tp	204.16.242.199	8009	32
CSV 7U3WxfMKFzoEetvJUAyea139aGnv2kkrTS8s6SovXuix	64.140.168.54	8010	32
CSV 7CbxuNuAeZBeTKDVfiJxz8ZJphVSNVbS8T6n7kfuiXq1	141.98.219.244	8009	32
CSV CVRr5oHCAAooVbYze7CvXtRp4FUtkMCSqBZU7MVu8v8e	204.16.245.171	8009	32
CSV 4NJni8eC5AS8u18pyUHwmVcqb7mLF7DbRTvBopVj8Ptu	64.140.161.242	8009	32
CSV 722RdWmHC5TGXBjTejzNjbc8xEiduVDLqZvoUGz6Xzbp	141.98.219.110	8009	32
CSV 5Xw375deW9dr7U4Zas3MC1rLAT32Dazv3K12EbnWkf8f	204.16.247.66	8009	32
CSV FSCJwu7LdE4MUrNZmDzj83M3YLg8SMerQec1zkcW6eH4	204.16.247.69	8009	32
CSV DqBvkYXi7HjdaKz78yakiDsaGuq1BKrQi3Z5JV6STctz	204.16.242.200	8009	32
CSV Diman2GphWLwECE3swjrAEAJniezpYLxK1edUydiDZau	104.238.221.224	8009	32
CSV 8ZENvd3sBBijAWc36hMjwYBgp858rSdSCERhXzRacNqY	216.158.90.22	8010	32
CSV AV27uRxqsxzLYGUsccsMP3HqbMVP4dzTyxpokQnS3s87	108.171.214.94	8010	32
CSV 5LpsYxnc9m9E3ZZDa9EiqHqr3VcJW418kmMK4N7JHSL8	50.115.45.138	8010	32
CSV 62BvfcjSCv2qdCTVcyvW55jhSsAoyZteB6JHh7MzJLFa	216.18.215.30	8010	32
CSV DLcLbyBao4PGF4Y5tziugEie4HLwKoMeH3MAsCJ1rM7j	216.18.206.178	8010	32
CSV Dcsj8i8NJv6UDmhXvnuxEiPZ5VqzYEARmxFxUwuz4kNG	192.69.220.118	8010	32
CSV GNUpguLhgYbXxxboWWENdoKpuju2xxAmd6n3F65NvNer	192.69.220.154	8010	32
CSV 7vCtR8xMSCGVp5hiDG5JsGNV3mHSjYfiXaCfMxiT4veE	216.158.90.2	8010	32
CSV 72FqmsqNgpgF4XGueM7Ys8X7xd1ZqBzWvUQUq2Rv6bBv	216.18.217.174	8010	32
CSV 8L3WWER4zp7AvyLZF4NuMR5bpfQ2MZzFQ4g8nekRgdFn	216.18.218.78	8010	32
CSV CfBJ2yK6hbRD3mV5VoMux6nkki3mYa3NCmWWnfTeKw4B	108.171.214.90	8010	32
CSV 8rVubWZEYjy4YfMvUr5CDPg6YgdFdzUfZtfw84cxGjaZ	107.182.162.230	8010	32
CSV 8bbAG9kt9YEfnzpSEo3LyC3QoK469QfE7Cid11N7kNtu	216.18.215.234	8010	32
CSV PR3GtaLUjL8rSGcAQtV9NYGTWhpys5kYRDUSCMF5N4j	173.231.17.246	8010	32
CSV 5ycPWdZPBarrBM8KMUJdFEpyGXnyu94DAqWbqKVo7uJu	64.140.168.94	8010	32
CSV 4gkq8UXhZQ9tn1jJJm8icFWKGWFEUAUVxpMDEjwYkjxB	216.18.206.118	8010	32
CSV 2D2v7sMqDuq2ekZnFhaQm4k2ErWHemZQuYf5qaVTPFmg	64.140.168.86	8010	32
CSV H5EhFXGKY29BNcDbz2k2pcBeRiFXXGLQ9exHmirfRuFn	173.231.22.118	8010	32
CSV CzzPFWSZWuZ11t88wrFVynKSeyVxqaaqNAz3sawD7ahc	192.69.220.166	8010	32
CSV BrpfpqgaJA74g1A77K7UAR3vuB2jrscWGBaaaRzQP9HS	173.231.61.10	8010	32
CSV DG92MnBtdd59XCzjHZ7SrdvxNKzcVZfUnpiFFCcPE9Uy	173.231.57.114	8010	32
CSV 4ktcttK8fxpFdJq2yzzRrjEB1fFeABFgnGGUsutZpwxW	216.18.218.150	8010	32
CSV 8rBk51oEherZB5ngEd5NDp22C1gXrwJwcHryHWyXPmhR	173.231.15.222	8010	32
CSV Bcqj166FBupEcPNwicCwPjWTKHaCpT1B8aFkbFZkBw59	173.231.17.250	8010	32
CSV 9g7ZUCQS7e12n4qL4CAYTAWVnsuu7AmyhSgkKyfyfnbe	173.231.58.150	8010	32
CSV HrpWeJSYnQVtZe3BKxFCBrAEr8GRCmYUbQev4hoGDBs6	216.158.67.62	8010	32
CSV 3Hh4Ui1VzBZJjpo6ZnXrbd3g8tgS2UzxGMJajPB9EfE6	173.231.55.106	8010	32
CSV 3ya1wtd31AiPj4RuJ51XFVzw2N98wD2edH25naQQsNJ1	45.58.127.221	8008	32
CSV HhM6tXD1SxKePVbos3t39BtTijx4sUf5eTLK3JqcNqqB	173.231.16.166	8010	32
CSV 8gcMmaEAXfRZKcXHeHV2x8R1ebb78inTr9xhhEuNNoTt	108.171.206.42	8010	32
CSV 5KA7kLaYwGjPbDmGvH8fWesYJvZPsX2iMoP6x3qeCwCb	192.69.220.162	8010	31
CSV 6GhS7aNMiAV8AsDbCycsguNcGgh9QnLJeEEAq9ao3pj6	216.18.211.110	8010	31
CSV CGQe9dUhj58hb83zotLUsTTinGVBQkpGaGyyTtE34jo7	192.69.220.202	8010	31
CSV DnZ6NbBTxZGTqoftsht4L7ZcAM1yMLXu4Tky6Qvp4MeR	216.18.217.50	8010	31
CSV 2BoNW6uExBkNoWEQAphC9tF2d5M61SWaA7zW4gQbajuw	173.231.55.78	8010	31
CSV 8BG9oy3tNimZdSWZundgibYgANE9nyQdyinQaCShgP6H	173.231.56.54	8010	31
CSV LA1NEzryoih6CQW3gwQqJQffK2mKgnXcjSQZSRpM3wc	216.158.66.178	11228	31
CSV 3VEjr4cRDcaNfbaq7fDFqhqQt3jz5yJyYpB1HHsjQW26	173.231.11.194	8010	31
CSV 9bkyxgYxRrysC1ijd6iByp9idn112CnYTw243fdH2Uvr	104.244.210.26	8009	31
CSV FBRSAyDDY6nYRqPnD7teof9yAHvbdg9tmPyi26tYt4gA	173.231.10.10	8010	31
CSV BJ5UyPGLDBqe3edtYHmj3PfsBxJ1PnK3kyTEZfYWZwyw	173.231.10.202	8010	31
CSV CxKUwr3JhyHdDKNmfLuTWbS9zfW71PrbF65ozyQTccj8	173.231.10.206	8010	31
CSV DRpbCBMxVnDK7maPM5tGv6MvB3v1sRMC86PZ8okm21hy	54.85.110.125	8009	31
CSV 9Ukj3PkyD3igEDJGt1QTj9ThzjK6hMiadQfa3gm7kjf1	173.231.11.106	8009	31
CSV 2zL8VtonfKdGxj15qwF1vi8xHPcrC89WWNDccq2tFMP9	173.231.10.122	8010	31
CSV Aho3hF8mqLmadyJdUFpoGidyo3fYAt3ALm2QpAo8wMX	64.185.229.66	8009	31
CSV FXrzBb4KBTiQsVdSprYtKE4nZUvQWc7rgG5Z2BF9mUXd	146.71.124.162	8509	31
CSV D65WGLNrFZ5mBGZuL72rxqeHWP58yhXneFPUGz5mJ4ox	173.231.10.34	8010	31
CSV 2kVZVTY8FMRZ3WuHzyqNz8qd4Ytbba9f9DaesUm5WLvR	146.71.125.42	8509	31
CSV AAHSdsnRREfdQNzDGRxai8CLXh9EPCoRdwULPqBYd9fb	162.251.165.50	8009	31
CSV krakeNd6ednDPEXxHAmoBs1qKVM8kLg79PvWF2mhXV1	145.40.105.89	8009	31
CSV 2P9ZYA4vBoBBr56hrEFTmrd5ctuz3r7wtvRYmbgk6jRL	135.148.171.211	8010	29
CSV CyyXgFh1cQsrrqUvwDTWFXKFMnSe2H7H4VgX6uEkfBL8	103.195.100.49	8008	28
CSV 5dPm4Y83633S4Ei3FEuQB5tPG4XzGp78cn3SDKyhcsPs	103.195.101.48	8009	27
CSV 3Hzz2uim2dSBbSBeJe7NgFzrf4arHwBeWJm5wRyw78zU	23.227.204.218	8010	27
CSV RoYFUUD7QD9aQ34UCMcwfye8dC5YvJeXz2J3mmoy5S4	23.111.188.226	8009	26
CSV CmXajDrDRcDaYCNf2CBZnqXJj1t88gdjbTksWk8VUDLX	104.194.8.241	8009	26
CSV F5NgZ5RtJW6fcDTcsYjSo8DgksbWx3mh4Ms2igbhHQTC	23.227.204.242	8009	23
CSV JDNEkqjDDDMHb6qF8toRdg5geXkMXp4mD9hA42qn9zVh	185.8.106.235	8009	23
CSV 2VAofLE2bYNM3ZPGfn6dJh2zqtnmNdD1bGqFet8mVYFN	149.255.33.26	8010	22
CSV 7GkMBmtrTZz8QbjSe1sXvAUtz7Pp42SQxfT5ymmJD4We	3.141.190.137	11009	22
CSV BjuD62v9RysrburpKb65UKeaAWRSFyi7pFLLxdE3dPv	216.166.16.61	8009	4
CSV 8MZFWowte8pHb6zJXxUdogUfdWRbqu7fGvaWRXtkDP7X	107.155.66.154	8009	0

